"member_casual","avg_duration","median_duration","min_duration","max_duration","sd_duration","total_rides","se","ci_low","ci_high"
"member",12.2580193772907,8.72488333384196,0.00065000057220459,1439.92986666361,20.7378939906522,3307242,0.0114033292195415,12.2356688520204,12.280369902561
"casual",21.0599593243928,12.1206499973933,0.00171666940053304,1439.9345666647,42.4686921856962,1929305,0.0305751391539056,21.0000320516512,21.1198865971345
