"member_casual","avg_duration","median_duration","min_duration","max_duration","total_rides"
"member",12.2580193772907,8.72488333384196,0.00065000057220459,1439.92986666361,3307242
"casual",21.0599593243928,12.1206499973933,0.00171666940053304,1439.9345666647,1929305
