"member_casual","period","total_rides","avg_duration","share"
"member","AM peak",558234,11.3658646035522,0.168791397787038
"member","PM peak",927168,12.9045250422434,0.280344770657847
"member","Off-peak",1821840,12.2023678182078,0.550863831555115
"casual","AM peak",180492,17.3706844522185,0.0935528597085479
"casual","PM peak",512689,20.3898321477871,0.265737662007821
"casual","Off-peak",1236124,21.8765856760172,0.640709478283631
